<?xml version="1.0" encoding="UTF-8"?>
<!DOCTYPE mapper PUBLIC "-//mybatis.org//DTD Mapper 3.0//EN" "http://mybatis.org/dtd/mybatis-3-mapper.dtd">

<mapper namespace="com.lomtom.website_university.dao.InfoDao">

	<!-- 可根据自己的需求，是否要使用 -->
    <resultMap type="com.lomtom.website_university.entity.InfoEntity" id="infoMap">
        <result property="id" column="id"/>
        <result property="typeId" column="type_id"/>
        <result property="title" column="title"/>
        <result property="time" column="time"/>
        <result property="content" column="content"/>
        <result property="view" column="view"/>
        <result property="url" column="url"/>
        <result property="universityId" column="university_id"/>
        <result property="source" column="source"/>
    </resultMap>


</mapper>