<?xml version="1.0" encoding="UTF-8"?>
<!DOCTYPE mapper PUBLIC "-//mybatis.org//DTD Mapper 3.0//EN" "http://mybatis.org/dtd/mybatis-3-mapper.dtd">

<mapper namespace="com.lomtom.website_university.dao.UserDao">

	<!-- 可根据自己的需求，是否要使用 -->
    <resultMap type="com.lomtom.website_university.entity.UserEntity" id="userMap">
        <result property="id" column="id"/>
        <result property="username" column="username"/>
        <result property="password" column="password"/>
        <result property="img" column="img"/>
        <result property="intro" column="intro"/>
        <result property="email" column="email"/>
        <result property="date" column="date"/>
        <result property="status" column="status"/>
        <result property="role" column="role"/>
    </resultMap>


</mapper>