<?xml version="1.0" encoding="UTF-8"?>
<!DOCTYPE mapper PUBLIC "-//mybatis.org//DTD Mapper 3.0//EN" "http://mybatis.org/dtd/mybatis-3-mapper.dtd">

<mapper namespace="com.lomtom.website_university.dao.UniversityDao">

	<!-- 可根据自己的需求，是否要使用 -->
    <resultMap type="com.lomtom.website_university.entity.UniversityEntity" id="universityMap">
        <result property="id" column="id"/>
        <result property="intro" column="intro"/>
        <result property="name" column="name"/>
        <result property="star" column="star"/>
        <result property="tuition" column="tuition"/>
        <result property="view" column="view"/>
        <result property="img" column="img"/>
        <result property="infoTypeId" column="info_type_id"/>
        <result property="setData" column="set_data"/>
        <result property="location" column="location"/>
        <result property="tel" column="tel"/>
        <result property="pic" column="pic"/>
        <result property="url" column="url"/>
    </resultMap>


</mapper>